story_id,prediction,rationale
95,contradict,"The statement contradicts the novel. This statement contradicts the book because there is no evidence that Noirtier pre-emptively handed the conspiracy dossier to a British spy. The passages provided do not mention any such action by Noirtier. Furthermore, Noirtier is portrayed as a calm and composed figure, as evidenced by his behavior during the conversation with Villefort and his departure from the room with ""the same calmness that had characterized him during the whole of this remarkable and trying conversation."" These details suggest that Noirtier did not engage in any clandestine activities to hand over sensitive information to a foreign agent."
136,consistent,"The statement consistently with the book because the passages indicate that Faria spent considerable time working on intellectual pursuits while imprisoned, such as reconstructing phrases from burnt notes and giving moral and educational instruction to Dantès. These activities align with Faria's claim of having drafted a vast work on human intelligence and sending chapters out by secret courier, suggesting he engaged in quiet, scholarly endeavors even during his captivity."
59,consistent,"The statement is consistent with the book because Thalcave is described as a brave and resourceful individual who helps save Robert Grant multiple times. For instance, Passage 1 shows Thalcave sacrificing himself to distract wolves so Glenarvan can escape, indicating his willingness to risk his life for others. Additionally, Passage 3 confirms Thalcave's reputation as a ""brave man"" among the Indians, suggesting he possesses the skills and courage needed to pose as a relay-station hand and survive in the wilderness, which aligns with the statement's description of his rope-climbing and avalanche-reading abilities."
60,consistent,"The statement consistently aligns with the book because the passages provide context for Thalcave's bravery and leadership. While the specific details about the avalanche and the number of survivors are not explicitly mentioned, Thalcave's reputation as a ""brave man"" and his role in the rescue of Robert Grant's father, referred to as ""_Es mio padre_,"" suggest his involvement in significant rescue operations. This aligns with the statement's portrayal of Thalcave leading a successful night dig to save survivors."
124,contradict,"The statement contradicts the novel. This statement contradicts the book because the provided passages do not mention Faria noticing young Caderousse stealing a mooring rope. Instead, they discuss interactions between characters such as Fernand, Danglars, and Caderousse, focusing on their jealousy and betrayal of Edmond Dantès. Specifically, Passage 3 mentions Caderousse's interaction with a young man and Fernand, but there is no indication of Faria observing Caderousse stealing a rope, making the statement inconsistent with the given evidence."
111,contradict,"The statement contradicts the book because it suggests that Noirtier was still actively influencing events through old friends and encouraging anti-royalist actions, despite being described as having ""sight and hearing were the only senses remaining"" and his body seeming ""fit for nothing but the grave."" Passage 1 clearly indicates Noirtier's physical and mental decline, making it inconsistent with the idea that he was still ""pulling strings"" and engaging in political activities."
135,contradict,"The statement contradicts the book because it claims Faria was involved in a failed 1796 coup and spent four years writing treatises before escaping in 1800, whereas the book indicates Faria was imprisoned in 1800 after being mistakenly convicted along with Dantès and does not mention any involvement in a coup or writing treatises during his imprisonment. Specifically, Passage 3 states Faria was imprisoned in 1800 without any reference to prior political activities or philosophical writings."
27,consistent,"The statement consistently aligns with the book because it does not introduce any new information that contradicts the existing narrative. While the provided passages do not explicitly mention Tom Ayrton/Ben Joyce running away from home or working as a porter, they do confirm his background as a sailor and convict. The statement’s details about his age, occupation, and the injury to his ear fit within the context of a sailor’s life, which is consistent with his role as a quartermaster and later a convict leader. However, it's important to note that the specific details about the ear injury and the exact circumstances of his run away are not directly supported by the given passages, but the general consistency with a sailor’s life experience holds."
110,consistent,"The statement ""He kept a locked study full of revolutionary pamphlets and private letters, rereading them alone while he weighed his past"" is consistent with the book. Noirtier, despite being visually impaired, retains his intellectual pursuits and past experiences. Passage 3 indicates that Noirtier can still use his remaining senses to engage with his thoughts and feelings, suggesting that he continues to reflect on his past, which aligns with the statement about him rereading revolutionary pamphlets and private letters. This activity underscores his continued engagement with political and personal history, even in his advanced age."
42,consistent,"The statement consistently with the book because it aligns with Tom Ayrton/Ben Joyce's established character as a former convict with a history of instability and conflict. The passages indicate that Ayrton attempted to take command of the yacht, showed a tendency towards aggression (""flew into a passion""), and tried to alter the ship's course, which are behaviors consistent with an ""unstable record"" as mentioned in the statement."
56,consistent,"The statement consistently aligns with the book because Thalcave demonstrates prophetic abilities and selfless heroism, which are evident in Passage 1 where he predicts the wolves will chase Glenarvan’s horse and sacrifices himself to save the group. Additionally, his focus on the ""spirit of the plains"" in Passage 3 suggests a deep connection to nature and a belief in supernatural guidance, supporting the idea that he might attribute his actions to such a spirit rather than seeking personal gain."
80,consistent,"The statement consistently aligns with the book, as evidenced by Passage 2, which mentions Kai-Koumou's fifth promotion and his ""haughty bearing"" indicative of his status as a warrior. Additionally, the passage describes him as being ""charged with patrolling the island,"" which is consistent with the statement's mention of his role as a ""Junior Warrior"" tasked with similar duties. These details support the claim that Kai-Koumou indeed became a warrior at a young age and was recognized for his skills in combat and tactics."
28,contradict,"The statement contradicts the book because it claims that Tom Ayrton/Ben Joyce was taught navigation by the mate of the Emerald Bird and later forced to give false testimony and engage in ""legalized plunder."" However, the book does not mention any mate teaching Ayrton navigation or any incident involving the Emerald Bird. Instead, it focuses on Ayrton's time as a convict and his eventual leadership of a band of convicts, without any reference to these specific claims."
101,consistent,"The statement that Noirtier joined a radical republican cell and spoke in cafes and back-room meetings for the revolutionary cause is consistent with the book. The passage mentioning ""fanaticism"" and Napoleon being compared to ""the Mahomet of the West"" suggests a strong political fervor during Noirtier's youth, aligning with the idea of him being involved in revolutionary activities. While the passages do not explicitly mention Noirtier joining a specific cell, they indicate a context of radical political engagement that supports the claim."
91,contradict,"The statement contradicts the novel. This statement contradicts the book because Noirtier does not work directly for Fouché or organize assassinations. In the provided passages, Noirtier is described as someone who is victimized by the royalist police, as evidenced by his conversation with his son about a stranger who visited him and left a letter, suggesting he was under surveillance and possibly targeted. Furthermore, Noirtier's character is portrayed as one who sympathizes with others' misfortunes, as seen in his reaction to the letter mentioned in Passage 3. There is no indication in the text that Noirtier engages in such nefarious activities."
24,consistent,"The statement is consistent with the book because it mentions Jacques Paganel's proposal of a South-American trade route, which aligns with his role as a geographical expert and his interest in exploration evident in Passage 2, where he is described as attentively examining a document. Additionally, the transfer to London and recommendation for a berth on Captain Grant’s new ship Brittany can be inferred from his involvement in geographical societies and expeditions, as suggested by his membership in various scientific and geographical institutions mentioned in Passage 3."
119,contradict,"The statement contradicts the book because it claims that Faria scratched ""On Ancient Mediterranean Routes"" into limestone with a nail, and the warden later plagiarized the essay. However, the passages indicate that Faria was not permitted the use of pens, ink, or paper, and instead engaged in mental exercises and scientific studies. Furthermore, there is no mention of Faria working on limestone or any warden plagiarizing his work."
93,contradict,"The statement contradicts the book because Noirtier does not raise any ""Southern Army"" or leave behind traceable evidence in his vineyard. In the passages provided, Noirtier is described as calm and composed after discussing matters with Villefort, showing no signs of involvement in any military activities. Moreover, there is no mention of Noirtier hiding ciphered letters or any such incriminating evidence in his vineyard. Instead, the passages focus on Noirtier's interactions with his granddaughter and Villefort, indicating his peaceful and passive role rather than any clandestine military operations."
72,consistent,"The statement is consistent with the book because Passage 3 describes Kai-Koumou as ""brave and bold, but his cruelty equaled his bravery,"" which aligns with the notion of him being capable of training and deploying spies. Additionally, while the book does not explicitly mention Kai-Koumou training spies or sending them to Auckland, the context of his leadership and strategic position among the Maori tribes suggests he could have such capabilities, making the statement plausible within the narrative framework of the story."
16,consistent,"The statement consistently aligns with the book because Passage 1 identifies Jacques Paganel as a member of the Geographical Society of Paris and mentions his connection to various international societies, including one in Bombay, which is likely a reference to the British-controlled Bombay Presidency in India. Additionally, while the book does not explicitly state Paganel's parents' occupations, the mention of his birthplace in Calcutta, a major city in British India, supports the context of a mixed cultural background, potentially involving both British and French influences."
30,consistent,"The statement is consistent with the book because it aligns with Tom Ayrton/Ben Joyce's role as the quartermaster of a convict crew, as mentioned in Passage 1, where he is referred to as the ""chief of a band of convicts."" Although the book does not provide detailed information about his past as a pirate or his actions, it establishes him as a skilled sailor and leader, which supports the claim that he had sailing skills and rose to a position of authority."
97,contradict,"The statement contradicts the book because it claims Noirtier gained knowledge of poisons through experiments on prisoners, but the passages from the book indicate that Noirtier was himself the subject of an experiment involving brucine—a poison given to him over several months to treat paralysis. Specifically, Passage 2 mentions that brucine was administered to Noirtier ""for three months,"" and Passage 3 refers to Noirtier's condition being treated with poison, suggesting he was the recipient rather than the experimenter."
22,consistent,"The statement consistently aligns with the book because Passage 1 describes Jacques Paganel's attire, which suggests he may have been involved in covert activities given the mention of a bag containing facial coloring materials, often used in disguise or for secret missions. Although the passages do not directly confirm his involvement in anti-colonial activities, they hint at his capability for secrecy and adaptability, which are consistent with the statement's description of him helping anti-colonial groups. Additionally, the statement's mention of his ""quiet chivalry for the weak"" is not directly supported by the provided passages but can be inferred from his character traits implied in the descriptions."
53,consistent,"The statement is consistent with the book because it mentions Thaouka being gentled by Thalcave, which aligns with the context provided in Passage 1, where Thalcave instructs Glenarvan to use Thaouka as bait for wolves. Furthermore, the statement describes Thalcave's survival after an injury, which is supported by the general perilous situations Thalcave faces throughout the book, such as those involving the wolves. While the specific detail of Thalcave chewing herbs to staunch the bleeding is not directly mentioned, the overall narrative of his survival and resilience is consistent with the adventures and challenges he encounters in the book."
58,consistent,"The statement that ""The mission priest taught him Quechua, Spanish and French, showed him European maps, the stars, and the arithmetic of navigation"" is consistent with the book. While the direct evidence for Thalcave learning these languages and subjects is not explicitly stated, the context provided in Passage 3 shows Thalcave interacting with European characters like Paganel, who teaches him phrases in Spanish, indicating that Thalcave was indeed exposed to and learning these languages. Additionally, the mention of Thalcave understanding and engaging in conversations suggests he had some familiarity with European knowledge and skills, which aligns with the statement about being taught various subjects by a mission priest."
81,consistent,"The statement is consistent with the book because Passage 3 explicitly refers to Kai-Koumou as ""he who eats the limbs of his enemy,"" indicating his ferocity and leadership in battle, which aligns with the statement about him being the squad leader who drove off the whaling crew. Additionally, while the book does not provide specific details about the incident with the whaling crew, it portrays Kai-Koumou as a brave and bold warrior, suggesting that he could have performed such an action, especially given his reputation for cruelty and bravery."
47,consistent,"The statement consistently with the book because the passages provided suggest that Thalcave's father was a notable figure, likely due to his bravery, as indicated by Paganel's comment. However, the book does not explicitly state that Thalcave's father was killed for refusing to reveal migration routes or that Thalcave fled at age thirteen carrying his father’s silver horse-gear. The information given is more general and focuses on Thalcave's respect and affection for his father, without providing specific details about the circumstances of his father's death or the exact nature of Thalcave's flight."
7,consistent,"The statement is consistent with the book because while there is no direct mention of Jacques Paganel leading a scientific party or losing team members to malaria, the context provided in the passages suggests Paganel's involvement in geographical expeditions and his dedication to exploration. His background as a secretary of the Geographical Society of Paris and his extensive list of memberships in various geographical and ethnographical institutions indicate his commitment to such ventures, which aligns with the idea of him insisting on traveling light and carrying a bulging backpack. However, the specific details about losing team members to malaria are not supported by the given passages."
121,consistent,"The statement is consistent with the book because the passages indicate that Dantès initially meets and converses with older prisoners aboard the transport ship, including one who displays a philosophy of resignation. While the specific mention of Edmond Dantès' father and the tale of the merchant Pharaon is not explicitly stated in the provided passages, the overall context suggests that Dantès interacts with experienced prisoners who share stories and wisdom, laying the groundwork for Faria's later influence and mentorship. This interaction aligns with the broader narrative where Dantès learns from and befriends the older prisoners during his journey to prison."
129,consistent,"The statement consistently with the book because it aligns with Faria's character as a learned and resourceful individual. Passage 2 explicitly mentions that Faria created a penknife from an old iron candlestick, demonstrating his ability to fashion tools from available materials. This skill supports the idea that Faria also carved fish-bone pen-nibs, as it shows his ingenuity and determination to pursue scholarly activities despite limited resources."
51,consistent,"The statement consistently aligns with the book because it draws upon the themes of self-sacrifice and protection that are evident in the passages provided. Specifically, Passage 1 hints at Thalcave's potential for self-sacrifice when Glenarvan urges him to ""Quick, quick!"" and the Indian mentions that Thaouka (presumably Thalcave) will ""sacrifice himself"" for the wolves, indicating a willingness to put others' safety above his own. Additionally, while the exact death scene is not described, the context of wolves pursuing a horse and Thalcave and Glenarvan rushing out to face the threat suggests a scenario where Thalcave might indeed die protecting someone else, consistent with the statement's description of him shielding another from danger."
127,consistent,"The statement consistently aligns with the book because both the passage mentioning Faria's educational pursuits (""calculating Mediterranean tides"") and his ability to predict guards' routines support the idea that he maintained his mental acuity and practical skills through intellectual exercises. These activities, such as studying tides, indicate Faria's commitment to preserving his knowledge and mental sharpness during his imprisonment, which directly corresponds to the statement's claim."
133,consistent,"The statement ""University lectures on Enlightenment science convinced him that religion and reason could be fused into one worldview"" is consistent with the book because the passages suggest that Abbé Faria, while imprisoned, engages in extensive academic study, including subjects such as mathematics, physics, and history. Although the passages do not explicitly mention Faria's views on fusing religion and reason, his intellectual pursuits and philosophical demeanor, as evidenced by his calm resignation to the will of God, imply a synthesis of religious and rational thought that aligns with Enlightenment ideals."
52,consistent,"The statement is consistent with the book because it aligns with Thalcave's established character as a skilled and knowledgeable Patagonian. While the provided passages do not explicitly mention Thaouka or Thalcave trapping a stallion, they support his expertise and bravery. For instance, Passage 3 indicates Thalcave's familiarity with local animals and his ability to communicate with them using ancient techniques, which is consistent with the idea of taming a wild horse using Tehuelche methods. Additionally, Thalcave's strong leadership and resourcefulness, demonstrated in his actions and interactions with the other characters, suggest he possesses the skills necessary for such an endeavor."
114,consistent,"The statement is consistent with the book because the passages indicate that Faria engaged in scholarly activities and had access to materials such as books and writing implements, which aligns with his academic pursuits at Bologna University. For instance, Passage 1 mentions that Faria ""wrote or studied,"" and Passage 2 describes him using an old paper from a breviary to write, suggesting his engagement in academic and intellectual endeavors."
2,consistent,"The statement consistently aligns with the book because it mentions Jacques Paganel being caught studying Latin, which is supported by Passage 3 where Paganel is shown to be reading and discussing poetry. Additionally, the statement notes that Paganel befriended a Spanish-speaking caretaker and picked up basic Spanish, which is corroborated by Passage 1, where Paganel is trying to communicate in Spanish despite not understanding it initially."
33,consistent,"The statement ""He volunteered for Captain Grant’s crew chiefly to spy on the colonisation schemes backed by Scottish nobles"" is consistent with the book, albeit indirectly. While the book does not explicitly state Ayrton's motivations, Passage 1 suggests that Ayrton was seen as capable and necessary for a difficult mission, which could imply a strategic role. Additionally, Passage 3 indicates that Ayrton accepted Glenarvan's proposal without showing much emotion, suggesting a calculating and possibly secretive nature, which aligns with the idea of espionage or hidden motives."
15,consistent,"The statement is consistent with the book because Passage 1 describes Jacques Paganel's use of face paint and other accessories, suggesting that he is familiar with indigenous customs and attire, which aligns with the idea that he gauges a tribe's civilization through their adornments. Although the direct mention of bone ornaments is not present, the description of his own decorative practices implies an understanding of cultural markers, supporting the notion that Paganel could assess a tribe's level of civilization based on similar signs."
82,consistent,"The statement consistently aligns with the book because it references Kai-Koumou's reputation as a fierce warrior and cannibal, as evidenced by the passage stating that his name means ""he who eats the limbs of his enemy."" Additionally, the details about his scarred face from Maori tattoos and his bloody girdle suggest a history of violence and survival, supporting the notion of his resilience and resourcefulness in the face of captivity and escape."
37,consistent,"The statement is consistent with the book because it aligns with the information provided in the passages. While the book does not explicitly mention Tom Ayrton's birthplace or family background, it confirms that Tom Ayrton is indeed Ben Joyce, a sailor from the Britannia. The statement’s details about his upbringing and aspirations are plausible for a seafaring character, which fits the context of the novel."
3,consistent,"The statement is consistent with the book because while the provided passages do not directly mention Jacques Paganel's family history, the context of the novel suggests a backdrop of personal struggles and departures that align with the given statement. The emphasis on Paganel’s independence and his role as a geographer, who might have had significant responsibilities and a complex personal life, supports the idea that he might have left home due to a conflict with his father after his mother's death, carrying her nautical charts."
103,consistent,"The statement consistently aligns with the book because the passages provided suggest that Noirtier became wary of Napoleon's rise to power. In Passage 1, Noirtier criticizes Napoleon as a ""Mahomet of the West,"" indicating his skepticism towards a leader who might embody the corrupting influence of power. Additionally, Passage 2 shows Noirtier maintaining his composure and distance even during a tense conversation, which supports the idea that he distanced himself from those involved in the political upheaval, including former comrades."
94,consistent,"The statement consistently aligns with the book because it references Noirtier's condition of worsening tremors and paralysis, which is evident in Passage 1 where Valentine recites the alphabet to help Noirtier communicate, and in Passage 3, where Noirtier leaves the room ""cool and collected,"" despite the ongoing conversation. Additionally, the statement mentions his use of a secret to gain leverage over enemies, which is plausible given his status and past experiences as a former nobleman and politician, though the specific act of allowing a new sedative to be tested on political prisoners is not directly supported by the provided passages."
85,consistent,"The statement ""Hearing that foreigners sought the missing captain’s daughter and would pay richly for her return, he volunteered to lead the pursuit"" is consistent with the book. While the provided passages do not directly mention Kai-Koumou volunteering for a pursuit, Passage 2 establishes that Kai-Koumou is a brave and bold warrior, indicating his readiness to take action when necessary. Additionally, given the context of the novel involving foreign intruders and conflicts, it is plausible that Kai-Koumou would be willing to lead a pursuit if such an opportunity arose."
21,consistent,"The statement is consistent with the book because it does not claim that Jacques Paganel held any position or authority on the HMS Austin, nor does it suggest any promotion or change in rank for him. Instead, the passages provided focus on other characters such as Tom and John Mangles, and they discuss topics related to geographical expeditions and letters without mentioning Paganel's role on the ship. Therefore, the statement does not contradict the information given in the book, as it neither affirms nor denies Paganel's presence or status aboard the HMS Austin."
49,consistent,"The statement consistently aligns with the book because it mentions Thalcave living solo in the Andean border wilds, which is supported by passages describing his solitary survival in harsh conditions, such as hunting and protecting himself from predators like condors and wolves. Additionally, the statement refers to his experiences with pumas and bandits, which can be inferred from the narrative where he must defend himself against numerous threats, including wolves and other dangers in the wild."
140,consistent,"The statement ""Friendships forged in secret cells and exile sustained him through the long years of imprisonment and seclusion"" is consistent with the book because the passages highlight the deep and meaningful relationship between Faria and Edmond Dantès. Specifically, Passage 1 indicates that Faria taught Dantès the ""patient and sublime duty of a prisoner,"" suggesting a close mentorship and companionship that kept Dantès occupied and spiritually uplifted during his long imprisonment. Additionally, Passage 3 shows Dantès' admiration and respect for Faria's philosophical resilience, further emphasizing the supportive and enduring nature of their friendship despite their isolation."
64,consistent,"The statement consists with the book because it references Thalcave's actions during a storm near the Chilean coast, which aligns with his role as a Patagonian guide in the story. While the provided passages do not explicitly mention Thalcave ferrying water or rescuing sailors, they establish his presence and knowledge of the coastline, suggesting his involvement in maritime activities and rescue operations in the vicinity of the Chilean coast, which is consistent with the described scenario."
131,consistent,"The statement is consistent with the book because it aligns with Faria's background as described in the passages. The passage where Dantès is amazed by Faria's philosophical resignation suggests that Faria has a deep and broad understanding, which is supported by his extensive academic achievements. Additionally, the mention of Faria's access to the family library and his ability to surprise tutors with his memory in Passage 3 directly corroborates the statement about his early life and academic prowess."
61,consistent,"The statement ""Slave-raiders seized his little sister Nawee; too young to save her, he swore ever after to help anyone in distress"" consistently aligns with the book's portrayal of Thalcave. While the provided passages do not explicitly mention Nawee, they highlight Thalcave's bravery and selflessness. For instance, Passage 1 emphasizes his courage, suggesting a strong moral character that could be rooted in a past tragedy such as losing a sibling. Additionally, Passage 3, although not directly related to Nawee, underscores Thalcave's willingness to take risks and put others' safety first, which is consistent with his vow to assist anyone in need."
86,consistent,"The statement consistently aligns with the book because Passage 1 describes Kai-Koumou as ""brave and bold"" but also ""cruel,"" suggesting initial impressions of haughtiness and coldness. Additionally, the context of their standoff (Passage 3) implies a serious and tense interaction, where Glenarvan acknowledges Kai-Koumou's valuing of life (""They have done wrong, I say so because I think so, and not because I am in your power"") and the development of a fragile trust (""Tohonga, the high-priest of Nouï-Atoua, has fallen into the hands of your brothers. He is prisoner of the Pakekas (Europeans). Our god""), despite the few words exchanged. These elements support the idea of a growing trust and mutual respect between the two characters."
38,consistent,"The statement consistently aligns with the book's depiction of Tom Ayrton/Ben Joyce. The evidence shows that Ayrton's quick temper and refusal to accept unjust punishment are evident when he attempts to change the ship's course and flies into a passion upon learning the yacht is bound for New Zealand. Additionally, his insistence on saving people during a storm despite being reprimanded for disrupting military order further reinforces his impulsive nature and his willingness to act on his own judgment, even when it conflicts with official directives."
132,consistent,"The statement that ""by eighteen he was a star student at Rome University, fluent in several languages and already publishing notes on history and natural philosophy"" is consistent with the book, particularly with Passage 1, which mentions Faria's extensive academic pursuits including mathematics, physics, history, and modern languages. While the passage does not explicitly state that Faria was at Rome University by age eighteen, it strongly implies his deep engagement in these subjects, which aligns with the claim of his fluency in multiple languages and his scholarly publications."
77,consistent,"The statement is consistent with the book because there is no evidence in the provided passages that contradicts the idea of Kai-Koumou being influenced by a bird-of-paradise picture book. The passages focus on describing Kai-Koumou's physical appearance and status as a chief, but do not mention any interaction with British biologist Wallace or the presence of such a book. Since the book does not refute the statement, it can be considered consistent with the information given."
70,consistent,"The statement consistently aligns with the book, as evidenced by Passage 1, which shows Kai-Koumou remaining alone with warriors, indicating his solitary and leadership qualities. Although the specific detail of earning chieftainship by surviving on a crater’s rim is not explicitly mentioned, his solitary nature and leadership are consistent with such a scenario. Additionally, while the book does not directly mention Kai-Koumou marrying a white princess named Julia or executing her for passing information to British missionaries, these actions are consistent with his character as a leader who makes difficult decisions and maintains strict control over his people, as suggested by his interactions and leadership style in other passages."
115,consistent,"The statement is consistent with the book because it aligns with Faria's early interest in botany, which is mentioned in Passage 1, where he states that botany was one of his favorite studies during his youth. Additionally, while the passage does not explicitly mention reading the Charaka Samhita, it suggests that Faria had a deep interest in the natural sciences and their applications, which could include knowledge from texts like the Charaka Samhita, thereby laying the groundwork for his later expertise in toxicology."
78,consistent,"The statement consistently aligns with the book as it introduces Kai-Koumou's background, which is supported by the mention of the high-priest Kara-Tété in Passage 1, indicating the presence of a paramount chief and the concept of inter-tribal strife. Additionally, the reference to the execution of a clan in Passage 3, where Kai-Koumou is described as remaining with warriors, supports the notion of a hierarchical and violent tribal structure that would justify such actions, thus corroborating the statement's details."
87,contradict,"The statement contradicts the book because the passages provided indicate that Noirtier's father was not executed for hiding exiled aristocrats. In Passage 1, the marquise mentions that both families experienced persecution but from opposing political sides, suggesting that Noirtier's father supported the new government. Furthermore, Passage 2 shows that Noirtier's father engaged in discussions critical of the emperor’s military strategies, which aligns with someone who supported the revolution rather than hiding opponents of it. These details refute the claim that Noirtier's father was guillotined for aiding exiles and instead suggest he was a supporter of the revolutionary government."
75,consistent,"The statement consistently with the book because Kai-Koumou's extraordinary memory for geographical knowledge is implied through his role in guiding the characters and his understanding of the local landscape, as evidenced in Passage 2 where Paganel relies on Kai-Koumou to convince the natives that they have committed sacrilege and incurred divine wrath. Additionally, while the book does not explicitly state Kai-Koumou's ability to determine shipwreck locations by observing tidal changes, his intimate knowledge of the terrain and natural phenomena, such as volcanic eruptions (as seen in Passage 1), suggests he has a deep understanding of geographical and environmental factors, which aligns with the statement's claim."
44,consistent,"The statement that solitude brought pride and remorse to the surface, along with self-loathing for the betrayal and relief that no one knew the truth, is consistent with the book's portrayal of Tom Ayrton/Ben Joyce. The passages indicate that Ayrton/Joyce feels conflicted about his actions, particularly his attempt to change the ship's course and his subsequent confinement, which suggests feelings of betrayal and shame. Additionally, the reference to his status as a convict and the fear of being discovered support the notion of relief that his true identity remains unknown, aligning with the statement's depiction of his emotional state."
